variation,position,wt_aa,mt_aa,domain,pLDDT,low_confidence,nearest_pathogenic_residue_ca,dist3d_ca_angstrom,seqdist_nearest3d,nearest_pathogenic_residue_cb,dist3d_cb_angstrom,seqdist_cb,confirmed_by_both_atoms,seq_over_3d,condition
NM_000321.3(RB1):c.1025C>T (p.Thr342Ile),342,T,I,Unannotated / linker,93.5,False,127.0,4.065821647644043,215.0,127.0,5.9282050132751465,215.0,True,52.87984044371022,Hereditary cancer-predisposing syndrome; Retinoblastoma
NM_000321.3(RB1):c.1024A>T (p.Thr342Ser),342,T,S,Unannotated / linker,93.5,False,127.0,4.065821647644043,215.0,127.0,5.9282050132751465,215.0,True,52.87984044371022,not provided; not specified; Hereditary cancer-predisposing syndrome; Retinoblastoma
NM_000321.3(RB1):c.1030C>A (p.Gln344Lys),344,Q,K,Unannotated / linker,82.38,False,127.0,6.289791584014893,217.0,127.0,5.664497375488281,217.0,False,38.30878286553969,Hereditary cancer-predisposing syndrome
NM_000321.3(RB1):c.1031A>G (p.Gln344Arg),344,Q,R,Unannotated / linker,82.38,False,127.0,6.289791584014893,217.0,127.0,5.664497375488281,217.0,False,38.30878286553969,Retinoblastoma
NM_000321.3(RB1):c.1330C>A (p.Gln444Lys),444,Q,K,Pocket; binds T and E1A,93.75,False,287.0,7.659454822540283,157.0,287.0,5.895406723022461,157.0,False,26.630902222045357,Retinoblastoma; Hereditary cancer-predisposing syndrome
NM_000321.3(RB1):c.860A>G (p.Glu287Gly),287,E,G,Unannotated / linker,90.0,False,444.0,7.659454822540283,157.0,444.0,5.895406723022461,157.0,False,26.630902222045357,Hereditary cancer-predisposing syndrome; Retinoblastoma
NM_000321.3(RB1):c.1688G>C (p.Trp563Ser),563,W,S,Pocket; binds T and E1A,98.5,False,695.0,5.982241630554199,132.0,695.0,4.226734161376953,132.0,True,22.065307313200492,Retinoblastoma
NM_000321.3(RB1):c.1936T>C (p.Ser646Pro),646,S,P,Pocket; binds T and E1A,92.62,False,530.0,7.1006293296813965,116.0,530.0,5.657780647277832,116.0,False,20.502739012303685,Retinoblastoma
NM_000321.3(RB1):c.1937C>G (p.Ser646Cys),646,S,C,Pocket; binds T and E1A,92.62,False,530.0,7.1006293296813965,116.0,530.0,5.657780647277832,116.0,False,20.502739012303685,Hereditary cancer-predisposing syndrome; Retinoblastoma
NM_000321.3(RB1):c.1814T>C (p.Met605Thr),605,M,T,Pocket; binds T and E1A,94.12,False,530.0,6.09220027923584,75.0,530.0,3.9799258708953857,75.0,False,18.84457209328043,Hereditary cancer-predisposing syndrome; Retinoblastoma
NM_000321.3(RB1):c.1813A>G (p.Met605Val),605,M,V,Pocket; binds T and E1A,94.12,False,530.0,6.09220027923584,75.0,530.0,3.9799258708953857,75.0,False,18.84457209328043,Hereditary cancer-predisposing syndrome; Retinoblastoma
NM_000321.3(RB1):c.1673T>C (p.Met558Thr),558,M,T,Pocket; binds T and E1A,98.12,False,654.0,5.6768879890441895,96.0,654.0,4.916884422302246,96.0,True,16.910673627041813,Hereditary cancer-predisposing syndrome
NM_000321.3(RB1):c.1672A>G (p.Met558Val),558,M,V,Pocket; binds T and E1A,98.12,False,654.0,5.6768879890441895,96.0,654.0,4.916884422302246,96.0,True,16.910673627041813,Hereditary cancer-predisposing syndrome; Retinoblastoma
NM_000321.3(RB1):c.1672A>C (p.Met558Leu),558,M,L,Pocket; binds T and E1A,98.12,False,654.0,5.6768879890441895,96.0,654.0,4.916884422302246,96.0,True,16.910673627041813,Hereditary cancer-predisposing syndrome; Malignant tumor of urinary bladder; Retinoblastoma
NM_000321.3(RB1):c.1219T>C (p.Cys407Arg),407,C,R,Pocket; binds T and E1A,98.12,False,474.0,4.489761829376221,67.0,474.0,3.791388511657715,67.0,True,14.922840575110987,Retinoblastoma
NM_000321.3(RB1):c.1220G>A (p.Cys407Tyr),407,C,Y,Pocket; binds T and E1A,98.12,False,474.0,4.489761829376221,67.0,474.0,3.791388511657715,67.0,True,14.922840575110987,Hereditary cancer-predisposing syndrome
NM_000321.3(RB1):c.871G>T (p.Val291Phe),291,V,F,Unannotated / linker,93.12,False,218.0,6.361722946166992,73.0,218.0,5.567454814910889,73.0,False,13.111916023905517,Hereditary cancer-predisposing syndrome
NM_000321.3(RB1):c.871G>A (p.Val291Ile),291,V,I,Unannotated / linker,93.12,False,218.0,6.361722946166992,73.0,218.0,5.567454814910889,73.0,False,13.111916023905517,Hereditary cancer-predisposing syndrome; Retinoblastoma
NM_000321.3(RB1):c.1816T>C (p.Tyr606His),606,Y,H,Pocket; binds T and E1A,95.06,False,530.0,7.182497024536133,76.0,530.0,5.954349994659424,76.0,False,12.763777753770928,Hereditary cancer-predisposing syndrome; Retinoblastoma
NM_000321.3(RB1):c.1817A>G (p.Tyr606Cys),606,Y,C,Pocket; binds T and E1A,95.06,False,530.0,7.182497024536133,76.0,530.0,5.954349994659424,76.0,False,12.763777753770928,Hereditary cancer-predisposing syndrome
NM_000321.3(RB1):c.862G>A (p.Val288Met),288,V,M,Unannotated / linker,94.31,False,218.0,7.38541316986084,70.0,220.0,5.553180694580078,68.0,False,12.245234531332326,Retinoblastoma; Hereditary cancer-predisposing syndrome
NM_000321.3(RB1):c.829C>G (p.Leu277Val),277,L,V,Unannotated / linker,96.62,False,220.0,6.821612358093262,57.0,220.0,4.722757339477539,57.0,False,12.069220563914405,Hereditary cancer-predisposing syndrome
NM_000321.3(RB1):c.1222A>T (p.Thr408Ser),408,T,S,Pocket; binds T and E1A,97.5,False,474.0,5.689953804016113,66.0,474.0,4.126621723175049,66.0,True,11.599391185463674,Retinoblastoma; Hereditary cancer-predisposing syndrome
NM_000321.3(RB1):c.1223C>G (p.Thr408Arg),408,T,R,Pocket; binds T and E1A,97.5,False,474.0,5.689953804016113,66.0,474.0,4.126621723175049,66.0,True,11.599391185463674,Hereditary cancer-predisposing syndrome; Retinoblastoma
NM_000321.3(RB1):c.1223C>T (p.Thr408Ile),408,T,I,Pocket; binds T and E1A,97.5,False,474.0,5.689953804016113,66.0,474.0,4.126621723175049,66.0,True,11.599391185463674,Hereditary cancer-predisposing syndrome; Retinoblastoma
NM_000321.3(RB1):c.1253G>A (p.Arg418Lys),418,R,K,Pocket; binds T and E1A,98.5,False,483.0,8.550162315368652,65.0,483.0,5.883890628814697,65.0,False,11.047112208660169,Hereditary cancer-predisposing syndrome; Retinoblastoma
NM_000321.3(RB1):c.1225G>A (p.Val409Met),409,V,M,Pocket; binds T and E1A,97.81,False,474.0,5.908054351806641,65.0,474.0,5.185440540313721,65.0,True,11.001929929795494,Hereditary cancer-predisposing syndrome; Retinoblastoma
NM_000321.3(RB1):c.1226T>G (p.Val409Gly),409,V,G,Pocket; binds T and E1A,97.81,False,474.0,5.908054351806641,65.0,474.0,5.185440540313721,65.0,True,11.001929929795494,Retinoblastoma
NM_000321.3(RB1):c.1225G>T (p.Val409Leu),409,V,L,Pocket; binds T and E1A,97.81,False,474.0,5.908054351806641,65.0,474.0,5.185440540313721,65.0,True,11.001929929795494,Hereditary cancer-predisposing syndrome
NM_000321.3(RB1):c.1226T>C (p.Val409Ala),409,V,A,Pocket; binds T and E1A,97.81,False,474.0,5.908054351806641,65.0,474.0,5.185440540313721,65.0,True,11.001929929795494,Retinal dystrophy
NM_000321.3(RB1):c.1374A>C (p.Glu458Asp),458,E,D,Pocket; binds T and E1A,98.19,False,400.0,5.72097635269165,58.0,400.0,4.55430793762207,58.0,True,10.138129652067466,Hereditary cancer-predisposing syndrome
NM_000321.3(RB1):c.1373A>C (p.Glu458Ala),458,E,A,Pocket; binds T and E1A,98.19,False,400.0,5.72097635269165,58.0,400.0,4.55430793762207,58.0,True,10.138129652067466,Hereditary cancer-predisposing syndrome; Retinoblastoma
NM_000321.3(RB1):c.1472T>A (p.Leu491His),491,L,H,Pocket; binds T and E1A,98.69,False,449.0,4.452255725860596,42.0,449.0,5.03041934967041,42.0,True,9.433420402167407,Hereditary cancer-predisposing syndrome; Retinoblastoma
NM_000321.3(RB1):c.1472T>C (p.Leu491Pro),491,L,P,Pocket; binds T and E1A,98.69,False,449.0,4.452255725860596,42.0,449.0,5.03041934967041,42.0,True,9.433420402167407,not provided; Retinoblastoma
NM_000321.3(RB1):c.1471C>T (p.Leu491Phe),491,L,F,Pocket; binds T and E1A,98.69,False,449.0,4.452255725860596,42.0,449.0,5.03041934967041,42.0,True,9.433420402167407,Hereditary cancer-predisposing syndrome
NM_000321.3(RB1):c.1468G>T (p.Ala490Ser),490,A,S,Pocket; binds T and E1A,98.75,False,449.0,4.9269022941589355,41.0,449.0,4.346339225769043,41.0,True,8.321658833910172,Hereditary cancer-predisposing syndrome; Retinoblastoma
NM_000321.3(RB1):c.1469C>A (p.Ala490Asp),490,A,D,Pocket; binds T and E1A,98.75,False,449.0,4.9269022941589355,41.0,449.0,4.346339225769043,41.0,True,8.321658833910172,not provided
NM_000321.3(RB1):c.1576T>C (p.Phe526Leu),526,F,L,Pocket; binds T and E1A,98.5,False,567.0,6.9042205810546875,41.0,567.0,5.259099960327148,41.0,False,7.79601078307885,Hereditary cancer-predisposing syndrome
NM_000321.3(RB1):c.2110A>G (p.Met704Val),704,M,V,Pocket; binds T and E1A,98.56,False,662.0,6.660800457000732,42.0,662.0,5.53090763092041,42.0,False,7.5936903674181755,Hereditary cancer-predisposing syndrome
NM_000321.3(RB1):c.2225T>G (p.Val742Gly),742,V,G,Pocket; binds T and E1A,96.69,False,702.0,7.782709121704102,40.0,702.0,5.575758457183838,40.0,False,7.173911909412751,Hereditary cancer-predisposing syndrome
NM_000321.3(RB1):c.2224G>A (p.Val742Ile),742,V,I,Pocket; binds T and E1A,96.69,False,702.0,7.782709121704102,40.0,702.0,5.575758457183838,40.0,False,7.173911909412751,Hereditary cancer-predisposing syndrome
NM_000321.3(RB1):c.2224G>C (p.Val742Leu),742,V,L,Pocket; binds T and E1A,96.69,False,702.0,7.782709121704102,40.0,702.0,5.575758457183838,40.0,False,7.173911909412751,Retinoblastoma
NM_000321.3(RB1):c.2224_2225delinsTG (p.Val742Cys),742,V,C,Pocket; binds T and E1A,96.69,False,702.0,7.782709121704102,40.0,702.0,5.575758457183838,40.0,False,7.173911909412751,Hereditary cancer-predisposing syndrome
NM_000321.3(RB1):c.2213C>A (p.Thr738Lys),738,T,K,Pocket; binds T and E1A,93.88,False,702.0,6.825143814086914,36.0,701.0,5.483321189880371,37.0,False,6.747735308353736,Retinoblastoma
NM_000321.3(RB1):c.2212A>G (p.Thr738Ala),738,T,A,Pocket; binds T and E1A,93.88,False,702.0,6.825143814086914,36.0,701.0,5.483321189880371,37.0,False,6.747735308353736,Hereditary cancer-predisposing syndrome
NM_000321.3(RB1):c.2213C>T (p.Thr738Ile),738,T,I,Pocket; binds T and E1A,93.88,False,702.0,6.825143814086914,36.0,701.0,5.483321189880371,37.0,False,6.747735308353736,Hereditary cancer-predisposing syndrome
NM_000321.3(RB1):c.602C>T (p.Ala201Val),201,A,V,Unannotated / linker,94.94,False,218.0,7.691854000091553,17.0,218.0,5.690673828125,17.0,False,2.987343944399159,Hereditary cancer-predisposing syndrome
